{"cameraMode":{"drawMode":0,"name":"Shaded","section":"Shading Mode"},"sceneLighting":true,"audioPlay":false,"sceneViewState":{"showFog":true,"showMaterialUpdate":false,"showSkybox":true,"showFlares":true,"showImageEffects":true,"showParticleSystems":true},"in2DMode":false,"pivot":{"x":-3.5355546474456789,"y":1.273267149925232,"z":0.46494531631469729},"rotation":{"x":0.0018822895362973214,"y":0.9980463981628418,"z":-0.03775697946548462,"w":0.049743909388780597},"size":4.7798991203308109,"orthographic":false}