{"cameraMode":{"drawMode":0,"name":"Shaded","section":"Shading Mode"},"sceneLighting":true,"audioPlay":false,"sceneViewState":{"showFog":true,"showMaterialUpdate":false,"showSkybox":true,"showFlares":true,"showImageEffects":true,"showParticleSystems":true},"in2DMode":false,"pivot":{"x":8.867281913757325,"y":-0.1160736083984375,"z":1.9977134466171265},"rotation":{"x":0.06672411412000656,"y":0.6700649261474609,"z":-0.06067981570959091,"w":0.7368031144142151},"size":19.82569122314453,"orthographic":false}